operation,dtype,sketch_kb,num_inputs,baseline_ms,maximum_ms,measured_host_ms,speed_ratio,within_numeric_threshold,acceptance_status,iterations,stop_reason,reported_mean_host_us,reported_device_column_us,reported_population_stddev_us,approximate_population_rsd,single_iteration,timing_scope,raw_samples_available,binary_sha256,log_sha256
create,I32,8,0,0.509452,1.27363,0.01798,28.334371523915465,True,UNKNOWN_PROTOCOL,50,Max iterations reached,17.98,17.98,72.862,4.0523915461624025,False,synchronous_host_wall_time_integer_microseconds,False,f36f2e8a61b715fcd39dbd2dfdf29b0320e86b0e4fe040ec85805a0ed4bb42de,d28db3cf0904fad227aa089c4b077f1a82f5acf12a15b131698b66f2e1c00381
create,I32,16,0,0.437249,1.0931225,0.0079,55.3479746835443,True,UNKNOWN_PROTOCOL,50,Max iterations reached,7.9,7.9,0.728,0.09215189873417722,False,synchronous_host_wall_time_integer_microseconds,False,f36f2e8a61b715fcd39dbd2dfdf29b0320e86b0e4fe040ec85805a0ed4bb42de,d28db3cf0904fad227aa089c4b077f1a82f5acf12a15b131698b66f2e1c00381
create,I32,32,0,0.497847,1.2446175,0.0079,63.018607594936704,True,UNKNOWN_PROTOCOL,50,Max iterations reached,7.9,7.9,0.361,0.045696202531645566,False,synchronous_host_wall_time_integer_microseconds,False,f36f2e8a61b715fcd39dbd2dfdf29b0320e86b0e4fe040ec85805a0ed4bb42de,d28db3cf0904fad227aa089c4b077f1a82f5acf12a15b131698b66f2e1c00381
create,I32,64,0,0.431705,1.0792625,0.007940000000000001,54.37090680100755,True,UNKNOWN_PROTOCOL,50,Max iterations reached,7.94,7.94,0.58,0.07304785894206549,False,synchronous_host_wall_time_integer_microseconds,False,f36f2e8a61b715fcd39dbd2dfdf29b0320e86b0e4fe040ec85805a0ed4bb42de,d28db3cf0904fad227aa089c4b077f1a82f5acf12a15b131698b66f2e1c00381
create,I32,128,0,0.468345,1.1708625,0.0079,59.28417721518987,True,UNKNOWN_PROTOCOL,50,Max iterations reached,7.9,7.9,0.361,0.045696202531645566,False,synchronous_host_wall_time_integer_microseconds,False,f36f2e8a61b715fcd39dbd2dfdf29b0320e86b0e4fe040ec85805a0ed4bb42de,d28db3cf0904fad227aa089c4b077f1a82f5acf12a15b131698b66f2e1c00381
create,I32,256,0,0.4477,1.1192499999999999,0.00822,54.4647201946472,True,UNKNOWN_PROTOCOL,50,Max iterations reached,8.22,8.22,0.54,0.06569343065693431,False,synchronous_host_wall_time_integer_microseconds,False,f36f2e8a61b715fcd39dbd2dfdf29b0320e86b0e4fe040ec85805a0ed4bb42de,d28db3cf0904fad227aa089c4b077f1a82f5acf12a15b131698b66f2e1c00381
create,I64,8,0,0.510325,1.2758125,0.008,63.790625000000006,True,UNKNOWN_PROTOCOL,50,Max iterations reached,8.0,8.0,0.566,0.07075,False,synchronous_host_wall_time_integer_microseconds,False,f36f2e8a61b715fcd39dbd2dfdf29b0320e86b0e4fe040ec85805a0ed4bb42de,d28db3cf0904fad227aa089c4b077f1a82f5acf12a15b131698b66f2e1c00381
create,I64,16,0,0.445346,1.113365,0.007940000000000001,56.0889168765743,True,UNKNOWN_PROTOCOL,50,Max iterations reached,7.94,7.94,0.237,0.02984886649874055,False,synchronous_host_wall_time_integer_microseconds,False,f36f2e8a61b715fcd39dbd2dfdf29b0320e86b0e4fe040ec85805a0ed4bb42de,d28db3cf0904fad227aa089c4b077f1a82f5acf12a15b131698b66f2e1c00381
create,I64,32,0,0.514238,1.2855949999999998,0.008039999999999999,63.95995024875623,True,UNKNOWN_PROTOCOL,50,Max iterations reached,8.04,8.04,0.488,0.06069651741293533,False,synchronous_host_wall_time_integer_microseconds,False,f36f2e8a61b715fcd39dbd2dfdf29b0320e86b0e4fe040ec85805a0ed4bb42de,d28db3cf0904fad227aa089c4b077f1a82f5acf12a15b131698b66f2e1c00381
create,I64,64,0,0.442902,1.1072549999999999,0.00802,55.22468827930175,True,UNKNOWN_PROTOCOL,50,Max iterations reached,8.02,8.02,0.14,0.01745635910224439,False,synchronous_host_wall_time_integer_microseconds,False,f36f2e8a61b715fcd39dbd2dfdf29b0320e86b0e4fe040ec85805a0ed4bb42de,d28db3cf0904fad227aa089c4b077f1a82f5acf12a15b131698b66f2e1c00381
create,I64,128,0,0.49937,1.248425,0.008199999999999999,60.898780487804885,True,UNKNOWN_PROTOCOL,50,Max iterations reached,8.2,8.2,0.529,0.06451219512195124,False,synchronous_host_wall_time_integer_microseconds,False,f36f2e8a61b715fcd39dbd2dfdf29b0320e86b0e4fe040ec85805a0ed4bb42de,d28db3cf0904fad227aa089c4b077f1a82f5acf12a15b131698b66f2e1c00381
create,I64,256,0,0.403518,1.0087949999999999,0.0083,48.6166265060241,True,UNKNOWN_PROTOCOL,50,Max iterations reached,8.3,8.3,0.5,0.06024096385542168,False,synchronous_host_wall_time_integer_microseconds,False,f36f2e8a61b715fcd39dbd2dfdf29b0320e86b0e4fe040ec85805a0ed4bb42de,d28db3cf0904fad227aa089c4b077f1a82f5acf12a15b131698b66f2e1c00381
destroy,I32,8,0,0.450497,1.1262424999999998,0.00124,363.3040322580645,True,UNKNOWN_PROTOCOL,50,Max iterations reached,1.24,1.24,1.544,1.2451612903225806,False,synchronous_host_wall_time_integer_microseconds,False,fe6a116b2e64ede3fd98abd73ec35f849e61c0253167e1f683ac123ef13bc7ad,90fe95631012502e97863ea74f8b920e3a8ba85c6b6660370f1bdb661a5e3db0
destroy,I32,16,0,0.442138,1.1053449999999998,0.001,442.138,True,UNKNOWN_PROTOCOL,50,Max iterations reached,1.0,1.0,0.0,0.0,False,synchronous_host_wall_time_integer_microseconds,False,fe6a116b2e64ede3fd98abd73ec35f849e61c0253167e1f683ac123ef13bc7ad,90fe95631012502e97863ea74f8b920e3a8ba85c6b6660370f1bdb661a5e3db0
destroy,I32,32,0,0.487931,1.2198274999999998,0.001,487.931,True,UNKNOWN_PROTOCOL,50,Max iterations reached,1.0,1.0,0.0,0.0,False,synchronous_host_wall_time_integer_microseconds,False,fe6a116b2e64ede3fd98abd73ec35f849e61c0253167e1f683ac123ef13bc7ad,90fe95631012502e97863ea74f8b920e3a8ba85c6b6660370f1bdb661a5e3db0
destroy,I32,64,0,0.480021,1.2000525,0.001,480.02099999999996,True,UNKNOWN_PROTOCOL,50,Max iterations reached,1.0,1.0,0.0,0.0,False,synchronous_host_wall_time_integer_microseconds,False,fe6a116b2e64ede3fd98abd73ec35f849e61c0253167e1f683ac123ef13bc7ad,90fe95631012502e97863ea74f8b920e3a8ba85c6b6660370f1bdb661a5e3db0
destroy,I32,128,0,0.460845,1.1521124999999999,0.001,460.84499999999997,True,UNKNOWN_PROTOCOL,50,Max iterations reached,1.0,1.0,0.0,0.0,False,synchronous_host_wall_time_integer_microseconds,False,fe6a116b2e64ede3fd98abd73ec35f849e61c0253167e1f683ac123ef13bc7ad,90fe95631012502e97863ea74f8b920e3a8ba85c6b6660370f1bdb661a5e3db0
destroy,I32,256,0,0.470879,1.1771975,0.001,470.87899999999996,True,UNKNOWN_PROTOCOL,50,Max iterations reached,1.0,1.0,0.0,0.0,False,synchronous_host_wall_time_integer_microseconds,False,fe6a116b2e64ede3fd98abd73ec35f849e61c0253167e1f683ac123ef13bc7ad,90fe95631012502e97863ea74f8b920e3a8ba85c6b6660370f1bdb661a5e3db0
destroy,I64,8,0,0.474998,1.187495,0.00102,465.68431372549014,True,UNKNOWN_PROTOCOL,50,Max iterations reached,1.02,1.02,0.14,0.13725490196078433,False,synchronous_host_wall_time_integer_microseconds,False,fe6a116b2e64ede3fd98abd73ec35f849e61c0253167e1f683ac123ef13bc7ad,90fe95631012502e97863ea74f8b920e3a8ba85c6b6660370f1bdb661a5e3db0
destroy,I64,16,0,0.471362,1.178405,0.001,471.36199999999997,True,UNKNOWN_PROTOCOL,50,Max iterations reached,1.0,1.0,0.0,0.0,False,synchronous_host_wall_time_integer_microseconds,False,fe6a116b2e64ede3fd98abd73ec35f849e61c0253167e1f683ac123ef13bc7ad,90fe95631012502e97863ea74f8b920e3a8ba85c6b6660370f1bdb661a5e3db0
destroy,I64,32,0,0.457632,1.14408,0.001,457.63199999999995,True,UNKNOWN_PROTOCOL,50,Max iterations reached,1.0,1.0,0.0,0.0,False,synchronous_host_wall_time_integer_microseconds,False,fe6a116b2e64ede3fd98abd73ec35f849e61c0253167e1f683ac123ef13bc7ad,90fe95631012502e97863ea74f8b920e3a8ba85c6b6660370f1bdb661a5e3db0
destroy,I64,64,0,0.464786,1.161965,0.001,464.78599999999994,True,UNKNOWN_PROTOCOL,50,Max iterations reached,1.0,1.0,0.0,0.0,False,synchronous_host_wall_time_integer_microseconds,False,fe6a116b2e64ede3fd98abd73ec35f849e61c0253167e1f683ac123ef13bc7ad,90fe95631012502e97863ea74f8b920e3a8ba85c6b6660370f1bdb661a5e3db0
destroy,I64,128,0,0.477563,1.1939075,0.001,477.563,True,UNKNOWN_PROTOCOL,50,Max iterations reached,1.0,1.0,0.0,0.0,False,synchronous_host_wall_time_integer_microseconds,False,fe6a116b2e64ede3fd98abd73ec35f849e61c0253167e1f683ac123ef13bc7ad,90fe95631012502e97863ea74f8b920e3a8ba85c6b6660370f1bdb661a5e3db0
destroy,I64,256,0,0.450429,1.1260725,0.001,450.42900000000003,True,UNKNOWN_PROTOCOL,50,Max iterations reached,1.0,1.0,0.0,0.0,False,synchronous_host_wall_time_integer_microseconds,False,fe6a116b2e64ede3fd98abd73ec35f849e61c0253167e1f683ac123ef13bc7ad,90fe95631012502e97863ea74f8b920e3a8ba85c6b6660370f1bdb661a5e3db0
clear,I32,8,0,0.031079,0.07769749999999999,0.0062,5.012741935483871,True,UNKNOWN_PROTOCOL,50,Max iterations reached,6.2,6.2,1.183,0.19080645161290322,False,synchronous_host_wall_time_integer_microseconds,False,8a2a12faf0b642f7191557da81d24890fef7b9d817db742335af7f147440209a,ca5bebb135c81eca3e42d4075339e5350d60e7576bb2daedac379ef80dca227d
clear,I32,16,0,0.029187,0.0729675,0.00614,4.753583061889251,True,UNKNOWN_PROTOCOL,50,Max iterations reached,6.14,6.14,1.114,0.18143322475570034,False,synchronous_host_wall_time_integer_microseconds,False,8a2a12faf0b642f7191557da81d24890fef7b9d817db742335af7f147440209a,ca5bebb135c81eca3e42d4075339e5350d60e7576bb2daedac379ef80dca227d
clear,I32,32,0,0.029462,0.073655,0.00622,4.736655948553055,True,UNKNOWN_PROTOCOL,50,Max iterations reached,6.22,6.22,0.878,0.14115755627009646,False,synchronous_host_wall_time_integer_microseconds,False,8a2a12faf0b642f7191557da81d24890fef7b9d817db742335af7f147440209a,ca5bebb135c81eca3e42d4075339e5350d60e7576bb2daedac379ef80dca227d
clear,I32,64,0,0.029917,0.0747925,0.0064,4.674531249999999,True,UNKNOWN_PROTOCOL,50,Max iterations reached,6.4,6.4,1.039,0.16234374999999998,False,synchronous_host_wall_time_integer_microseconds,False,8a2a12faf0b642f7191557da81d24890fef7b9d817db742335af7f147440209a,ca5bebb135c81eca3e42d4075339e5350d60e7576bb2daedac379ef80dca227d
clear,I32,128,0,0.030977,0.0774425,0.00644,4.810093167701863,True,UNKNOWN_PROTOCOL,50,Max iterations reached,6.44,6.44,1.134,0.1760869565217391,False,synchronous_host_wall_time_integer_microseconds,False,8a2a12faf0b642f7191557da81d24890fef7b9d817db742335af7f147440209a,ca5bebb135c81eca3e42d4075339e5350d60e7576bb2daedac379ef80dca227d
clear,I32,256,0,0.033233,0.08308249999999999,0.00662,5.020090634441088,True,UNKNOWN_PROTOCOL,50,Max iterations reached,6.62,6.62,0.772,0.11661631419939578,False,synchronous_host_wall_time_integer_microseconds,False,8a2a12faf0b642f7191557da81d24890fef7b9d817db742335af7f147440209a,ca5bebb135c81eca3e42d4075339e5350d60e7576bb2daedac379ef80dca227d
clear,I64,8,0,0.029108,0.07276999999999999,0.00618,4.710032362459547,True,UNKNOWN_PROTOCOL,50,Max iterations reached,6.18,6.18,1.195,0.19336569579288027,False,synchronous_host_wall_time_integer_microseconds,False,8a2a12faf0b642f7191557da81d24890fef7b9d817db742335af7f147440209a,ca5bebb135c81eca3e42d4075339e5350d60e7576bb2daedac379ef80dca227d
clear,I64,16,0,0.029241,0.0731025,0.0063,4.6414285714285715,True,UNKNOWN_PROTOCOL,50,Max iterations reached,6.3,6.3,1.253,0.19888888888888887,False,synchronous_host_wall_time_integer_microseconds,False,8a2a12faf0b642f7191557da81d24890fef7b9d817db742335af7f147440209a,ca5bebb135c81eca3e42d4075339e5350d60e7576bb2daedac379ef80dca227d
clear,I64,32,0,0.02942,0.07355,0.00652,4.512269938650308,True,UNKNOWN_PROTOCOL,50,Max iterations reached,6.52,6.52,1.446,0.22177914110429447,False,synchronous_host_wall_time_integer_microseconds,False,8a2a12faf0b642f7191557da81d24890fef7b9d817db742335af7f147440209a,ca5bebb135c81eca3e42d4075339e5350d60e7576bb2daedac379ef80dca227d
clear,I64,64,0,0.029899,0.0747475,0.00634,4.715930599369085,True,UNKNOWN_PROTOCOL,50,Max iterations reached,6.34,6.34,1.07,0.16876971608832808,False,synchronous_host_wall_time_integer_microseconds,False,8a2a12faf0b642f7191557da81d24890fef7b9d817db742335af7f147440209a,ca5bebb135c81eca3e42d4075339e5350d60e7576bb2daedac379ef80dca227d
clear,I64,128,0,0.031733,0.07933249999999999,0.00654,4.852140672782874,True,UNKNOWN_PROTOCOL,50,Max iterations reached,6.54,6.54,0.67,0.10244648318042814,False,synchronous_host_wall_time_integer_microseconds,False,8a2a12faf0b642f7191557da81d24890fef7b9d817db742335af7f147440209a,ca5bebb135c81eca3e42d4075339e5350d60e7576bb2daedac379ef80dca227d
clear,I64,256,0,0.033185,0.0829625,0.006860000000000001,4.837463556851311,True,UNKNOWN_PROTOCOL,50,Max iterations reached,6.86,6.86,1.039,0.15145772594752185,False,synchronous_host_wall_time_integer_microseconds,False,8a2a12faf0b642f7191557da81d24890fef7b9d817db742335af7f147440209a,ca5bebb135c81eca3e42d4075339e5350d60e7576bb2daedac379ef80dca227d
estimate,I32,8,100000000,0.037083,0.09270749999999998,0.02132,1.7393527204502814,True,UNKNOWN_PROTOCOL,50,Max iterations reached,21.32,21.32,12.858,0.6030956848030019,False,synchronous_host_wall_time_integer_microseconds,False,226c1d701e30e29546177f803a41a67d3d18abf4597ab20e0b7c05857c21c857,02b43486bd63932520fab6fae9035c6284eb2553815c5882a5a1fe2203dc21c3
estimate,I32,16,100000000,0.040014,0.100035,0.02156,1.8559369202226346,True,UNKNOWN_PROTOCOL,50,Max iterations reached,21.56,21.56,13.059,0.6057050092764379,False,synchronous_host_wall_time_integer_microseconds,False,226c1d701e30e29546177f803a41a67d3d18abf4597ab20e0b7c05857c21c857,02b43486bd63932520fab6fae9035c6284eb2553815c5882a5a1fe2203dc21c3
estimate,I32,32,100000000,0.046175,0.1154375,0.021079999999999998,2.190464895635674,True,UNKNOWN_PROTOCOL,50,Max iterations reached,21.08,21.08,7.353,0.34881404174573055,False,synchronous_host_wall_time_integer_microseconds,False,226c1d701e30e29546177f803a41a67d3d18abf4597ab20e0b7c05857c21c857,02b43486bd63932520fab6fae9035c6284eb2553815c5882a5a1fe2203dc21c3
estimate,I32,64,100000000,0.054031,0.1350775,0.02528,2.1373022151898735,True,UNKNOWN_PROTOCOL,50,Max iterations reached,25.28,25.28,5.012,0.19825949367088605,False,synchronous_host_wall_time_integer_microseconds,False,226c1d701e30e29546177f803a41a67d3d18abf4597ab20e0b7c05857c21c857,02b43486bd63932520fab6fae9035c6284eb2553815c5882a5a1fe2203dc21c3
estimate,I32,128,100000000,0.068271,0.17067749999999998,0.03554,1.9209622960045019,True,UNKNOWN_PROTOCOL,50,Max iterations reached,35.54,35.54,5.79,0.16291502532357907,False,synchronous_host_wall_time_integer_microseconds,False,226c1d701e30e29546177f803a41a67d3d18abf4597ab20e0b7c05857c21c857,02b43486bd63932520fab6fae9035c6284eb2553815c5882a5a1fe2203dc21c3
estimate,I32,256,100000000,0.099492,0.24872999999999998,0.056280000000000004,1.7678038379530916,True,UNKNOWN_PROTOCOL,50,Max iterations reached,56.28,56.28,9.434,0.16762615493958777,False,synchronous_host_wall_time_integer_microseconds,False,226c1d701e30e29546177f803a41a67d3d18abf4597ab20e0b7c05857c21c857,02b43486bd63932520fab6fae9035c6284eb2553815c5882a5a1fe2203dc21c3
estimate,I64,8,100000000,0.037359,0.09339750000000001,0.0217,1.7216129032258065,True,UNKNOWN_PROTOCOL,50,Max iterations reached,21.7,21.7,10.737,0.49479262672811064,False,synchronous_host_wall_time_integer_microseconds,False,226c1d701e30e29546177f803a41a67d3d18abf4597ab20e0b7c05857c21c857,02b43486bd63932520fab6fae9035c6284eb2553815c5882a5a1fe2203dc21c3
estimate,I64,16,100000000,0.04054,0.10135,0.02162,1.8751156336725254,True,UNKNOWN_PROTOCOL,50,Max iterations reached,21.62,21.62,8.813,0.407631822386679,False,synchronous_host_wall_time_integer_microseconds,False,226c1d701e30e29546177f803a41a67d3d18abf4597ab20e0b7c05857c21c857,02b43486bd63932520fab6fae9035c6284eb2553815c5882a5a1fe2203dc21c3
estimate,I64,32,100000000,0.047773,0.1194325,0.021079999999999998,2.266271347248577,True,UNKNOWN_PROTOCOL,50,Max iterations reached,21.08,21.08,8.621,0.40896584440227707,False,synchronous_host_wall_time_integer_microseconds,False,226c1d701e30e29546177f803a41a67d3d18abf4597ab20e0b7c05857c21c857,02b43486bd63932520fab6fae9035c6284eb2553815c5882a5a1fe2203dc21c3
estimate,I64,64,100000000,0.060547,0.1513675,0.0263,2.302167300380228,True,UNKNOWN_PROTOCOL,50,Max iterations reached,26.3,26.3,12.769,0.48551330798479087,False,synchronous_host_wall_time_integer_microseconds,False,226c1d701e30e29546177f803a41a67d3d18abf4597ab20e0b7c05857c21c857,02b43486bd63932520fab6fae9035c6284eb2553815c5882a5a1fe2203dc21c3
estimate,I64,128,100000000,0.075881,0.1897025,0.03576,2.121951901565996,True,UNKNOWN_PROTOCOL,50,Max iterations reached,35.76,35.76,6.778,0.1895413870246085,False,synchronous_host_wall_time_integer_microseconds,False,226c1d701e30e29546177f803a41a67d3d18abf4597ab20e0b7c05857c21c857,02b43486bd63932520fab6fae9035c6284eb2553815c5882a5a1fe2203dc21c3
estimate,I64,256,100000000,0.115725,0.2893125,0.056280000000000004,2.056236673773987,True,UNKNOWN_PROTOCOL,50,Max iterations reached,56.28,56.28,9.857,0.1751421464108031,False,synchronous_host_wall_time_integer_microseconds,False,226c1d701e30e29546177f803a41a67d3d18abf4597ab20e0b7c05857c21c857,02b43486bd63932520fab6fae9035c6284eb2553815c5882a5a1fe2203dc21c3
merge,I32,8,100000000,0.032128,0.08031999999999999,0.0070599999999999994,4.55070821529745,True,UNKNOWN_PROTOCOL,50,Max iterations reached,7.06,7.06,4.24,0.6005665722379604,False,synchronous_host_wall_time_integer_microseconds,False,c5bbb7d6ddb70bc413d5e4f191be5a93e65bb6ee5da11624e1ee2c97c3069ed6,3a1ad658964e2863436259963a5080841bb2de2923ef6e019b0af74796484f4d
merge,I32,16,100000000,0.031713,0.07928249999999999,0.00694,4.569596541786743,True,UNKNOWN_PROTOCOL,50,Max iterations reached,6.94,6.94,2.701,0.38919308357348703,False,synchronous_host_wall_time_integer_microseconds,False,c5bbb7d6ddb70bc413d5e4f191be5a93e65bb6ee5da11624e1ee2c97c3069ed6,3a1ad658964e2863436259963a5080841bb2de2923ef6e019b0af74796484f4d
merge,I32,32,100000000,0.033607,0.0840175,0.00684,4.913304093567251,True,UNKNOWN_PROTOCOL,50,Max iterations reached,6.84,6.84,2.824,0.4128654970760234,False,synchronous_host_wall_time_integer_microseconds,False,c5bbb7d6ddb70bc413d5e4f191be5a93e65bb6ee5da11624e1ee2c97c3069ed6,3a1ad658964e2863436259963a5080841bb2de2923ef6e019b0af74796484f4d
merge,I32,64,100000000,0.036923,0.09230749999999999,0.00766,4.820234986945169,True,UNKNOWN_PROTOCOL,50,Max iterations reached,7.66,7.66,3.109,0.4058746736292428,False,synchronous_host_wall_time_integer_microseconds,False,c5bbb7d6ddb70bc413d5e4f191be5a93e65bb6ee5da11624e1ee2c97c3069ed6,3a1ad658964e2863436259963a5080841bb2de2923ef6e019b0af74796484f4d
merge,I32,128,100000000,0.043673,0.10918249999999999,0.0077,5.671818181818181,True,UNKNOWN_PROTOCOL,50,Max iterations reached,7.7,7.7,2.22,0.28831168831168835,False,synchronous_host_wall_time_integer_microseconds,False,c5bbb7d6ddb70bc413d5e4f191be5a93e65bb6ee5da11624e1ee2c97c3069ed6,3a1ad658964e2863436259963a5080841bb2de2923ef6e019b0af74796484f4d
merge,I32,256,100000000,0.057226,0.143065,0.00822,6.961800486618005,True,UNKNOWN_PROTOCOL,50,Max iterations reached,8.22,8.22,2.935,0.3570559610705596,False,synchronous_host_wall_time_integer_microseconds,False,c5bbb7d6ddb70bc413d5e4f191be5a93e65bb6ee5da11624e1ee2c97c3069ed6,3a1ad658964e2863436259963a5080841bb2de2923ef6e019b0af74796484f4d
merge,I64,8,100000000,0.030822,0.077055,0.00684,4.506140350877193,True,UNKNOWN_PROTOCOL,50,Max iterations reached,6.84,6.84,3.982,0.5821637426900585,False,synchronous_host_wall_time_integer_microseconds,False,c5bbb7d6ddb70bc413d5e4f191be5a93e65bb6ee5da11624e1ee2c97c3069ed6,3a1ad658964e2863436259963a5080841bb2de2923ef6e019b0af74796484f4d
merge,I64,16,100000000,0.031887,0.0797175,0.0070999999999999995,4.491126760563381,True,UNKNOWN_PROTOCOL,50,Max iterations reached,7.1,7.1,3.754,0.5287323943661972,False,synchronous_host_wall_time_integer_microseconds,False,c5bbb7d6ddb70bc413d5e4f191be5a93e65bb6ee5da11624e1ee2c97c3069ed6,3a1ad658964e2863436259963a5080841bb2de2923ef6e019b0af74796484f4d
merge,I64,32,100000000,0.033782,0.08445499999999999,0.00696,4.853735632183908,True,UNKNOWN_PROTOCOL,50,Max iterations reached,6.96,6.96,3.605,0.5179597701149425,False,synchronous_host_wall_time_integer_microseconds,False,c5bbb7d6ddb70bc413d5e4f191be5a93e65bb6ee5da11624e1ee2c97c3069ed6,3a1ad658964e2863436259963a5080841bb2de2923ef6e019b0af74796484f4d
merge,I64,64,100000000,0.03692,0.0923,0.00774,4.7700258397932815,True,UNKNOWN_PROTOCOL,50,Max iterations reached,7.74,7.74,5.922,0.7651162790697674,False,synchronous_host_wall_time_integer_microseconds,False,c5bbb7d6ddb70bc413d5e4f191be5a93e65bb6ee5da11624e1ee2c97c3069ed6,3a1ad658964e2863436259963a5080841bb2de2923ef6e019b0af74796484f4d
merge,I64,128,100000000,0.043677,0.1091925,0.00764,5.716884816753927,True,UNKNOWN_PROTOCOL,50,Max iterations reached,7.64,7.64,3.56,0.4659685863874346,False,synchronous_host_wall_time_integer_microseconds,False,c5bbb7d6ddb70bc413d5e4f191be5a93e65bb6ee5da11624e1ee2c97c3069ed6,3a1ad658964e2863436259963a5080841bb2de2923ef6e019b0af74796484f4d
merge,I64,256,100000000,0.057901,0.1447525,0.007940000000000001,7.292317380352644,True,UNKNOWN_PROTOCOL,50,Max iterations reached,7.94,7.94,3.652,0.45994962216624685,False,synchronous_host_wall_time_integer_microseconds,False,c5bbb7d6ddb70bc413d5e4f191be5a93e65bb6ee5da11624e1ee2c97c3069ed6,3a1ad658964e2863436259963a5080841bb2de2923ef6e019b0af74796484f4d
add,I32,8,100000000,0.316691,0.7917274999999999,336.9735,0.0009398098070026278,False,UNKNOWN_PROTOCOL,2,Stable (<0.5% RSD),336973.5,336973.5,43.5,0.00012909026970963592,False,synchronous_host_wall_time_integer_microseconds,False,9e0ef1627ecbd68f42e6e269a7a571c1568880a9ce331be68fd49ef3411a046e,859927de9d69b28489f056be40b9baba5db311924ba4534e5349ccf472b8e8ad
add,I32,16,100000000,0.317554,0.793885,176.406667,0.001800124708438599,False,UNKNOWN_PROTOCOL,3,Stable (<0.5% RSD),176406.667,176406.667,27.524,0.0001560258490683915,False,synchronous_host_wall_time_integer_microseconds,False,9e0ef1627ecbd68f42e6e269a7a571c1568880a9ce331be68fd49ef3411a046e,859927de9d69b28489f056be40b9baba5db311924ba4534e5349ccf472b8e8ad
add,I32,32,100000000,0.317865,0.7946624999999999,99.365167,0.003198958041302341,False,UNKNOWN_PROTOCOL,6,Stable (<0.5% RSD),99365.167,99365.167,32.049,0.0003225375749632665,False,synchronous_host_wall_time_integer_microseconds,False,9e0ef1627ecbd68f42e6e269a7a571c1568880a9ce331be68fd49ef3411a046e,859927de9d69b28489f056be40b9baba5db311924ba4534e5349ccf472b8e8ad
add,I32,64,100000000,0.321785,0.8044625,55.954667,0.005750816102613925,False,UNKNOWN_PROTOCOL,9,Stable (<0.5% RSD),55954.667,55954.667,21.53,0.00038477576856993893,False,synchronous_host_wall_time_integer_microseconds,False,9e0ef1627ecbd68f42e6e269a7a571c1568880a9ce331be68fd49ef3411a046e,859927de9d69b28489f056be40b9baba5db311924ba4534e5349ccf472b8e8ad
add,I32,128,100000000,0.458247,1.1456175,40.381308,0.01134799794003701,False,UNKNOWN_PROTOCOL,13,Stable (<0.5% RSD),40381.308,40381.308,21.865,0.0005414633919238079,False,synchronous_host_wall_time_integer_microseconds,False,9e0ef1627ecbd68f42e6e269a7a571c1568880a9ce331be68fd49ef3411a046e,859927de9d69b28489f056be40b9baba5db311924ba4534e5349ccf472b8e8ad
add,I32,256,100000000,2.031375,5.0784375,32.481125,0.0625401675588515,False,UNKNOWN_PROTOCOL,16,Stable (<0.5% RSD),32481.125,32481.125,16.5,0.0005079873311038334,False,synchronous_host_wall_time_integer_microseconds,False,9e0ef1627ecbd68f42e6e269a7a571c1568880a9ce331be68fd49ef3411a046e,859927de9d69b28489f056be40b9baba5db311924ba4534e5349ccf472b8e8ad
add,I64,8,100000000,0.37661,0.941525,337.164,0.0011169935105764554,False,UNKNOWN_PROTOCOL,2,Stable (<0.5% RSD),337164.0,337164.0,47.0,0.000139398037750175,False,synchronous_host_wall_time_integer_microseconds,False,9e0ef1627ecbd68f42e6e269a7a571c1568880a9ce331be68fd49ef3411a046e,859927de9d69b28489f056be40b9baba5db311924ba4534e5349ccf472b8e8ad
add,I64,16,100000000,0.377037,0.9425924999999999,176.452,0.0021367680729036794,False,UNKNOWN_PROTOCOL,3,Stable (<0.5% RSD),176452.0,176452.0,63.093,0.00035756466347788634,False,synchronous_host_wall_time_integer_microseconds,False,9e0ef1627ecbd68f42e6e269a7a571c1568880a9ce331be68fd49ef3411a046e,859927de9d69b28489f056be40b9baba5db311924ba4534e5349ccf472b8e8ad
add,I64,32,100000000,0.377799,0.9444975,99.485667,0.003797521908356909,False,UNKNOWN_PROTOCOL,6,Stable (<0.5% RSD),99485.667,99485.667,23.421,0.00023542084710554334,False,synchronous_host_wall_time_integer_microseconds,False,9e0ef1627ecbd68f42e6e269a7a571c1568880a9ce331be68fd49ef3411a046e,859927de9d69b28489f056be40b9baba5db311924ba4534e5349ccf472b8e8ad
add,I64,64,100000000,0.381595,0.9539875,56.246778,0.006784299715798832,False,UNKNOWN_PROTOCOL,9,Stable (<0.5% RSD),56246.778,56246.778,16.288,0.00028958103164593714,False,synchronous_host_wall_time_integer_microseconds,False,9e0ef1627ecbd68f42e6e269a7a571c1568880a9ce331be68fd49ef3411a046e,859927de9d69b28489f056be40b9baba5db311924ba4534e5349ccf472b8e8ad
add,I64,128,100000000,0.509386,1.2734649999999998,40.472769,0.012585894481299266,False,UNKNOWN_PROTOCOL,13,Stable (<0.5% RSD),40472.769,40472.769,22.573,0.0005577330278538639,False,synchronous_host_wall_time_integer_microseconds,False,9e0ef1627ecbd68f42e6e269a7a571c1568880a9ce331be68fd49ef3411a046e,859927de9d69b28489f056be40b9baba5db311924ba4534e5349ccf472b8e8ad
add,I64,256,100000000,2.138625,5.3465625,31.943625,0.06694997828205158,False,UNKNOWN_PROTOCOL,16,Stable (<0.5% RSD),31943.625,31943.625,22.09,0.000691530782746166,False,synchronous_host_wall_time_integer_microseconds,False,9e0ef1627ecbd68f42e6e269a7a571c1568880a9ce331be68fd49ef3411a046e,859927de9d69b28489f056be40b9baba5db311924ba4534e5349ccf472b8e8ad
